O,D,ALN2
AHB,CGP,G9
AHB,DAC,G9
AHB,DEL,G9
AHB,KTM,G9
AHB,DXB,G9
AHB,SKT,G9
AHB,TRV,G9
AJF,DXB,G9
ALA,DXB,G9
AMD,KWI,G9
AMD,DXB,G9
AMM,DXB,G9
BAH,BEY,G9
BAH,CMB,G9
BAH,DAC,G9
BAH,IKA,G9
BAH,KRT,G9
BAH,MHD,G9
BAH,NJF,G9
BAH,DXB,G9
BEY,BAH,G9
BEY,DAC,G9
BEY,EVN,G9
BEY,KTM,G9
BEY,DXB,G9
BGW,KHI,G9
BGW,DXB,G9
BOM,DXB,G9
CGP,KWI,G9
CGP,MCT,G9
CGP,DXB,G9
CGP,SLL,G9
CMB,BAH,G9
CMB,RUH,G9
CMB,DXB,G9
COK,RUH,G9
COK,DXB,G9
DAC,BAH,G9
DAC,DMM,G9
DAC,KRT,G9
DAC,RUH,G9
DAC,DXB,G9
DAC,SLL,G9
DAC,YNB,G9
DEL,AHB,G9
DEL,DMM,G9
DEL,KWI,G9
DEL,RUH,G9
DEL,DXB,G9
DME,CMB,G9
DMM,CMB,G9
DMM,DAC,G9
DMM,KTM,G9
DMM,NJF,G9
DMM,DXB,G9
DMM,SKT,G9
EBL,DXB,G9
ELQ,KHI,G9
ELQ,KRT,G9
ELQ,MUX,G9
ELQ,DXB,G9
ELQ,SKT,G9
EVN,KWI,G9
EVN,DXB,G9
GIZ,COK,G9
GIZ,DEL,G9
GIZ,DXB,G9
GYD,DXB,G9
HAS,DEL,G9
HAS,DXB,G9
HAS,SKT,G9
HAS,TRV,G9
HBE,DXB,G9
HGA,DXB,G9
HYD,DMM,G9
HYD,KWI,G9
HYD,DXB,G9
IFN,KWI,G9
IFN,MCT,G9
IFN,DXB,G9
IKA,BAH,G9
IKA,DXB,G9
JED,KTM,G9
JED,LYP,G9
JED,MUX,G9
JED,DXB,G9
JED,SKT,G9
KBP,CMB,G9
KBP,DXB,G9
KHI,BGW,G9
KHI,JED,G9
KHI,MED,G9
KHI,DXB,G9
KRT,BAH,G9
KRT,DMM,G9
KRT,JED,G9
KRT,KWI,G9
KRT,MCT,G9
KRT,RUH,G9
KRT,DXB,G9
KTM,BEY,G9
KTM,DMM,G9
KTM,RUH,G9
KTM,DXB,G9
KWI,CGP,G9
KWI,EVN,G9
KWI,KRT,G9
KWI,KTM,G9
KWI,DXB,G9
KWI,TBS,G9
LRR,DXB,G9
LYP,JED,G9
LYP,DXB,G9
MCT,CGP,G9
MCT,JED,G9
MCT,KRT,G9
MCT,DXB,G9
MED,DEL,G9
MED,KHI,G9
MED,MUX,G9
MED,DXB,G9
MED,TRV,G9
MHD,BAH,G9
MHD,KHI,G9
MHD,MCT,G9
MHD,DXB,G9
MUX,ELQ,G9
MUX,JED,G9
MUX,MED,G9
MUX,DXB,G9
MUX,TIF,G9
MAA,AHB,G9
MAA,DMM,G9
MAA,KWI,G9
MAA,DXB,G9
NJF,DXB,G9
RUH,DEL,G9
RUH,KTM,G9
RUH,DXB,G9
SAW,DXB,G9
DXB,AHB,G9
DXB,AJF,G9
DXB,ALA,G9
DXB,AMD,G9
DXB,AMM,G9
DXB,BAH,G9
DXB,BEY,G9
DXB,BGW,G9
DXB,BOM,G9
DXB,CGP,G9
DXB,CMB,G9
DXB,COK,G9
DXB,DAC,G9
DXB,DEL,G9
DXB,DMM,G9
DXB,EBL,G9
DXB,ELQ,G9
DXB,EVN,G9
DXB,GIZ,G9
DXB,GYD,G9
DXB,HAS,G9
DXB,HBE,G9
DXB,HGA,G9
DXB,HYD,G9
DXB,IFN,G9
DXB,IKA,G9
DXB,JED,G9
DXB,KBP,G9
DXB,KHI,G9
DXB,KRT,G9
DXB,KTM,G9
DXB,KWI,G9
DXB,LRR,G9
DXB,LYP,G9
DXB,MCT,G9
DXB,MED,G9
DXB,MHD,G9
DXB,MUX,G9
DXB,MAA,G9
DXB,NJF,G9
DXB,RUH,G9
DXB,SAW,G9
DXB,SJJ,G9
DXB,SKT,G9
DXB,SLL,G9
DXB,SYZ,G9
DXB,TBS,G9
DXB,TIF,G9
DXB,TRV,G9
DXB,TUU,G9
DXB,UET,G9
DXB,YNB,G9
SJJ,DXB,G9
SKT,AHB,G9
SKT,ELQ,G9
SKT,JED,G9
SKT,DXB,G9
SLL,DXB,G9
SYZ,KWI,G9
SYZ,MCT,G9
SYZ,DXB,G9
TBS,GOI,G9
TBS,DXB,G9
TIF,KHI,G9
TIF,MUX,G9
TIF,DXB,G9
TIF,SKT,G9
TRV,AHB,G9
TRV,DMM,G9
TRV,RUH,G9
TRV,DXB,G9
TUU,KRT,G9
TUU,DXB,G9
TUU,SKT,G9
UET,JED,G9
UET,DXB,G9
YNB,DXB,G9
